Label,# 样本,平均值,中位数,90% 百分位,95% 百分位,99% 百分位,最小值,最大值,异常 %,吞吐量,接收 KB/sec,发送 KB/sec
getCourseById,1000,728,695,1192,1310,1783,113,3438,0.000%,250.00000,255.13,37.84
TOTAL,1000,728,695,1192,1310,1783,113,3438,0.000%,250.00000,255.13,37.84
